{"(0, 0, 0)": 0.3222054199566437, "(0, 0, 1)": 0.31661728530840044, "(0, 1, 0)": 0.32111579677473295, "(0, 1, 1)": 0.31826552473113273, "(1, 0, 0)": 0.32160876631797836, "(1, 0, 1)": 0.31975715913692543, "(1, 1, 0)": 0.3220198717131422, "(1, 1, 1)": 0.31859221164534}