{
    "numlags": 400,
    "results": [
        {
            "mean": -0.04646524428647821,
            "order": [
                5,
                0,
                0
            ],
            "rmse": 0.19149588576806087,
            "tstamp": 1640094090.4042091
        },
        {
            "mean": -0.04995271639005528,
            "order": [
                2,
                0,
                0
            ],
            "rmse": 0.19568409807247825,
            "tstamp": 1640109908.0414279
        },
        {
            "mean": -0.04995271639005528,
            "order": [
                5,
                1,
                0
            ],
            "rmse": 0.20698186329118148,
            "tstamp": 1640109908.0414279
        },
        {
            "mean": -0.04995271639005528,
            "order": [
                3,
                3,
                0
            ],
            "rmse": 0.366221300608257,
            "tstamp": 1640109908.0414279
        }
    ],
    "stream": "portfolio_c2_15_info.json",
    "todo": [
        [
            0,
            0,
            0
        ],
        [
            0,
            0,
            1
        ],
        [
            0,
            0,
            3
        ],
        [
            0,
            1,
            0
        ],
        [
            0,
            1,
            1
        ],
        [
            0,
            1,
            3
        ],
        [
            0,
            3,
            0
        ],
        [
            0,
            3,
            1
        ],
        [
            0,
            3,
            3
        ],
        [
            1,
            0,
            0
        ],
        [
            1,
            0,
            1
        ],
        [
            1,
            0,
            3
        ],
        [
            1,
            1,
            0
        ],
        [
            1,
            1,
            1
        ],
        [
            1,
            1,
            3
        ],
        [
            1,
            3,
            0
        ],
        [
            1,
            3,
            1
        ],
        [
            1,
            3,
            3
        ],
        [
            2,
            0,
            1
        ],
        [
            2,
            0,
            3
        ],
        [
            2,
            1,
            0
        ],
        [
            2,
            1,
            1
        ],
        [
            2,
            1,
            3
        ],
        [
            2,
            3,
            0
        ],
        [
            2,
            3,
            1
        ],
        [
            2,
            3,
            3
        ],
        [
            3,
            0,
            0
        ],
        [
            3,
            0,
            1
        ],
        [
            3,
            0,
            3
        ],
        [
            3,
            1,
            0
        ],
        [
            3,
            1,
            1
        ],
        [
            3,
            1,
            3
        ],
        [
            3,
            3,
            1
        ],
        [
            3,
            3,
            3
        ],
        [
            4,
            0,
            0
        ],
        [
            4,
            0,
            1
        ],
        [
            4,
            0,
            3
        ],
        [
            4,
            1,
            0
        ],
        [
            4,
            1,
            1
        ],
        [
            4,
            1,
            3
        ],
        [
            4,
            3,
            0
        ],
        [
            4,
            3,
            1
        ],
        [
            4,
            3,
            3
        ],
        [
            5,
            0,
            1
        ],
        [
            5,
            0,
            3
        ],
        [
            5,
            1,
            1
        ],
        [
            5,
            1,
            3
        ],
        [
            5,
            3,
            0
        ],
        [
            5,
            3,
            1
        ],
        [
            5,
            3,
            3
        ],
        [
            6,
            0,
            0
        ],
        [
            6,
            0,
            1
        ],
        [
            6,
            0,
            3
        ],
        [
            6,
            1,
            0
        ],
        [
            6,
            1,
            1
        ],
        [
            6,
            1,
            3
        ],
        [
            6,
            3,
            0
        ],
        [
            6,
            3,
            1
        ],
        [
            6,
            3,
            3
        ]
    ],
    "version": "0.1"
}