{
    "numlags": 400,
    "results": [
        {
            "mean": 0.05447738113189656,
            "order": [
                3,
                1,
                0
            ],
            "rmse": 1.268664136997297,
            "tstamp": 1639337659.533188
        },
        {
            "mean": 0.0617984606545654,
            "order": [
                6,
                0,
                0
            ],
            "rmse": 1.171351457761148,
            "tstamp": 1639354988.2846043
        },
        {
            "mean": 0.0617984606545654,
            "order": [
                0,
                1,
                1
            ],
            "rmse": 1.2825835238246512,
            "tstamp": 1639354988.2846043
        },
        {
            "mean": 0.0617984606545654,
            "order": [
                3,
                2,
                1
            ],
            "rmse": 1.3284772290941615,
            "tstamp": 1639354988.2846043
        }
    ],
    "stream": "z1~btc_aud~70.json",
    "todo": [
        [
            0,
            0,
            0
        ],
        [
            0,
            0,
            1
        ],
        [
            0,
            0,
            2
        ],
        [
            0,
            1,
            0
        ],
        [
            0,
            1,
            2
        ],
        [
            0,
            2,
            0
        ],
        [
            0,
            2,
            1
        ],
        [
            0,
            2,
            2
        ],
        [
            1,
            0,
            0
        ],
        [
            1,
            0,
            1
        ],
        [
            1,
            0,
            2
        ],
        [
            1,
            1,
            0
        ],
        [
            1,
            1,
            1
        ],
        [
            1,
            1,
            2
        ],
        [
            1,
            2,
            0
        ],
        [
            1,
            2,
            1
        ],
        [
            1,
            2,
            2
        ],
        [
            2,
            0,
            0
        ],
        [
            2,
            0,
            1
        ],
        [
            2,
            0,
            2
        ],
        [
            2,
            1,
            0
        ],
        [
            2,
            1,
            1
        ],
        [
            2,
            1,
            2
        ],
        [
            2,
            2,
            0
        ],
        [
            2,
            2,
            1
        ],
        [
            2,
            2,
            2
        ],
        [
            3,
            0,
            0
        ],
        [
            3,
            0,
            1
        ],
        [
            3,
            0,
            2
        ],
        [
            3,
            1,
            1
        ],
        [
            3,
            1,
            2
        ],
        [
            3,
            2,
            0
        ],
        [
            3,
            2,
            2
        ],
        [
            6,
            0,
            1
        ],
        [
            6,
            0,
            2
        ],
        [
            6,
            1,
            0
        ],
        [
            6,
            1,
            1
        ],
        [
            6,
            1,
            2
        ],
        [
            6,
            2,
            0
        ],
        [
            6,
            2,
            1
        ],
        [
            6,
            2,
            2
        ]
    ]
}