{"stream": "z1~btc_eur~70.json", "numlags": 400, "todo": [[0, 0, 1], [0, 0, 2], [0, 1, 0], [0, 1, 1], [0, 1, 2], [0, 2, 0], [0, 2, 1], [0, 2, 2], [1, 0, 0], [1, 0, 1], [1, 0, 2], [1, 1, 0], [1, 1, 1], [1, 1, 2], [1, 2, 0], [1, 2, 1], [1, 2, 2], [2, 0, 0], [2, 0, 1], [2, 0, 2], [2, 1, 0], [2, 1, 1], [2, 1, 2], [2, 2, 0], [2, 2, 1], [2, 2, 2], [3, 0, 0], [3, 0, 1], [3, 0, 2], [3, 1, 0], [3, 1, 1], [3, 1, 2], [3, 2, 0], [3, 2, 1], [3, 2, 2], [6, 0, 0], [6, 0, 1], [6, 0, 2], [6, 1, 0], [6, 1, 2], [6, 2, 0], [6, 2, 1]], "results": [{"order": [0, 0, 0], "rmse": 1.1008757475541653, "mean": 0.03282718390270729, "tstamp": 1639329364.5413017}, {"order": [6, 2, 2], "rmse": 1.549629486758097, "mean": 0.03282718390270729, "tstamp": 1639329364.5413017}, {"order": [6, 1, 1], "rmse": 1.6240516982371773, "mean": 0.03282718390270729, "tstamp": 1639329364.5413017}]}