{
    "numlags": 400,
    "results": [
        {
            "mean": 0.0016887880903202924,
            "order": [
                2,
                2,
                1
            ],
            "rmse": 2.19797248551767,
            "tstamp": 1639335498.546084
        },
        {
            "mean": 0.0016887880903202924,
            "order": [
                1,
                1,
                0
            ],
            "rmse": 2.7439995909054424,
            "tstamp": 1639335498.546084
        },
        {
            "mean": 0.0016887880903202924,
            "order": [
                1,
                2,
                1
            ],
            "rmse": 2.754297999632262,
            "tstamp": 1639335498.546084
        }
    ],
    "stream": "z1~c5_bitcoin~70.json",
    "todo": [
        [
            0,
            0,
            0
        ],
        [
            0,
            0,
            1
        ],
        [
            0,
            0,
            2
        ],
        [
            0,
            1,
            0
        ],
        [
            0,
            1,
            1
        ],
        [
            0,
            1,
            2
        ],
        [
            0,
            2,
            0
        ],
        [
            0,
            2,
            1
        ],
        [
            0,
            2,
            2
        ],
        [
            1,
            0,
            0
        ],
        [
            1,
            0,
            1
        ],
        [
            1,
            0,
            2
        ],
        [
            1,
            1,
            1
        ],
        [
            1,
            1,
            2
        ],
        [
            1,
            2,
            0
        ],
        [
            1,
            2,
            2
        ],
        [
            2,
            0,
            0
        ],
        [
            2,
            0,
            1
        ],
        [
            2,
            0,
            2
        ],
        [
            2,
            1,
            0
        ],
        [
            2,
            1,
            1
        ],
        [
            2,
            1,
            2
        ],
        [
            2,
            2,
            0
        ],
        [
            2,
            2,
            2
        ],
        [
            3,
            0,
            0
        ],
        [
            3,
            0,
            1
        ],
        [
            3,
            0,
            2
        ],
        [
            3,
            1,
            0
        ],
        [
            3,
            1,
            1
        ],
        [
            3,
            1,
            2
        ],
        [
            3,
            2,
            0
        ],
        [
            3,
            2,
            1
        ],
        [
            3,
            2,
            2
        ],
        [
            6,
            0,
            0
        ],
        [
            6,
            0,
            1
        ],
        [
            6,
            0,
            2
        ],
        [
            6,
            1,
            0
        ],
        [
            6,
            1,
            1
        ],
        [
            6,
            1,
            2
        ],
        [
            6,
            2,
            0
        ],
        [
            6,
            2,
            1
        ],
        [
            6,
            2,
            2
        ]
    ]
}