{
    "numlags": 400,
    "results": [
        {
            "mean": 0.001221757684957751,
            "order": [
                0,
                0,
                0
            ],
            "rmse": 1.191933702403734,
            "tstamp": 1639340560.9811342
        },
        {
            "mean": 0.001221757684957751,
            "order": [
                3,
                0,
                2
            ],
            "rmse": 1.358231082140768,
            "tstamp": 1639340560.9811342
        },
        {
            "mean": 0.001221757684957751,
            "order": [
                2,
                1,
                0
            ],
            "rmse": 2.1102987802952264,
            "tstamp": 1639340560.9811342
        },
        {
            "mean": 0.0034182006606264786,
            "order": [
                3,
                2,
                2
            ],
            "rmse": 1.146274840795893,
            "tstamp": 1639347045.1063757
        }
    ],
    "stream": "z1~c2_ethereum~3555.json",
    "todo": [
        [
            0,
            0,
            1
        ],
        [
            0,
            0,
            2
        ],
        [
            0,
            1,
            0
        ],
        [
            0,
            1,
            1
        ],
        [
            0,
            1,
            2
        ],
        [
            0,
            2,
            0
        ],
        [
            0,
            2,
            1
        ],
        [
            0,
            2,
            2
        ],
        [
            1,
            0,
            0
        ],
        [
            1,
            0,
            1
        ],
        [
            1,
            0,
            2
        ],
        [
            1,
            1,
            0
        ],
        [
            1,
            1,
            1
        ],
        [
            1,
            1,
            2
        ],
        [
            1,
            2,
            0
        ],
        [
            1,
            2,
            1
        ],
        [
            1,
            2,
            2
        ],
        [
            2,
            0,
            0
        ],
        [
            2,
            0,
            1
        ],
        [
            2,
            0,
            2
        ],
        [
            2,
            1,
            1
        ],
        [
            2,
            1,
            2
        ],
        [
            2,
            2,
            0
        ],
        [
            2,
            2,
            1
        ],
        [
            2,
            2,
            2
        ],
        [
            3,
            0,
            0
        ],
        [
            3,
            0,
            1
        ],
        [
            3,
            1,
            0
        ],
        [
            3,
            1,
            1
        ],
        [
            3,
            1,
            2
        ],
        [
            3,
            2,
            0
        ],
        [
            3,
            2,
            1
        ],
        [
            6,
            0,
            0
        ],
        [
            6,
            0,
            1
        ],
        [
            6,
            0,
            2
        ],
        [
            6,
            1,
            0
        ],
        [
            6,
            1,
            1
        ],
        [
            6,
            1,
            2
        ],
        [
            6,
            2,
            0
        ],
        [
            6,
            2,
            1
        ],
        [
            6,
            2,
            2
        ]
    ]
}