{"stream": "z1~electricity-load-nyiso-longil~70.json", "numlags": 400, "todo": [[0, 0, 0], [0, 0, 1], [0, 0, 2], [0, 1, 0], [0, 1, 1], [0, 2, 0], [0, 2, 1], [0, 2, 2], [1, 0, 0], [1, 0, 1], [1, 0, 2], [1, 1, 0], [1, 1, 1], [1, 1, 2], [1, 2, 0], [1, 2, 1], [1, 2, 2], [2, 0, 0], [2, 0, 1], [2, 0, 2], [2, 1, 0], [2, 1, 1], [2, 1, 2], [2, 2, 0], [2, 2, 1], [2, 2, 2], [3, 0, 0], [3, 0, 1], [3, 0, 2], [3, 1, 0], [3, 1, 1], [3, 1, 2], [3, 2, 1], [3, 2, 2], [6, 0, 0], [6, 0, 1], [6, 1, 0], [6, 1, 1], [6, 1, 2], [6, 2, 0], [6, 2, 1], [6, 2, 2]], "results": [{"order": [6, 0, 2], "rmse": 0.8777350859029128, "mean": -0.01811674678804488, "tstamp": 1639329469.3344507}, {"order": [0, 1, 2], "rmse": 0.8850927832598088, "mean": -0.01811674678804488, "tstamp": 1639329469.3344507}, {"order": [3, 2, 0], "rmse": 1.4109574531149762, "mean": -0.01811674678804488, "tstamp": 1639329469.3344507}]}