{
    "numlags": 400,
    "results": [
        {
            "mean": -0.2972977904797146,
            "order": [
                6,
                0,
                0
            ],
            "rmse": 0.5218614415559224,
            "tstamp": 1639545020.864644
        },
        {
            "mean": -0.27461230687042465,
            "order": [
                1,
                0,
                1
            ],
            "rmse": 0.6733621995806096,
            "tstamp": 1639602896.5889664
        },
        {
            "mean": -0.27461230687042465,
            "order": [
                3,
                2,
                1
            ],
            "rmse": 0.7989133679811261,
            "tstamp": 1639602896.5889664
        },
        {
            "mean": -0.27461230687042465,
            "order": [
                0,
                1,
                0
            ],
            "rmse": 0.8048293519642861,
            "tstamp": 1639602896.5889664
        }
    ],
    "stream": "z1~electricity-lbmp-nyiso-h_q~3555.json",
    "todo": [
        [
            0,
            0,
            0
        ],
        [
            0,
            0,
            1
        ],
        [
            0,
            0,
            2
        ],
        [
            0,
            1,
            1
        ],
        [
            0,
            1,
            2
        ],
        [
            0,
            2,
            0
        ],
        [
            0,
            2,
            1
        ],
        [
            0,
            2,
            2
        ],
        [
            1,
            0,
            0
        ],
        [
            1,
            0,
            2
        ],
        [
            1,
            1,
            0
        ],
        [
            1,
            1,
            1
        ],
        [
            1,
            1,
            2
        ],
        [
            1,
            2,
            0
        ],
        [
            1,
            2,
            1
        ],
        [
            1,
            2,
            2
        ],
        [
            2,
            0,
            0
        ],
        [
            2,
            0,
            1
        ],
        [
            2,
            0,
            2
        ],
        [
            2,
            1,
            0
        ],
        [
            2,
            1,
            1
        ],
        [
            2,
            1,
            2
        ],
        [
            2,
            2,
            0
        ],
        [
            2,
            2,
            1
        ],
        [
            2,
            2,
            2
        ],
        [
            3,
            0,
            0
        ],
        [
            3,
            0,
            1
        ],
        [
            3,
            0,
            2
        ],
        [
            3,
            1,
            0
        ],
        [
            3,
            1,
            1
        ],
        [
            3,
            1,
            2
        ],
        [
            3,
            2,
            0
        ],
        [
            3,
            2,
            2
        ],
        [
            6,
            0,
            1
        ],
        [
            6,
            0,
            2
        ],
        [
            6,
            1,
            0
        ],
        [
            6,
            1,
            1
        ],
        [
            6,
            1,
            2
        ],
        [
            6,
            2,
            0
        ],
        [
            6,
            2,
            1
        ],
        [
            6,
            2,
            2
        ]
    ],
    "version": "0.1"
}