{
    "numlags": 400,
    "results": [
        {
            "mean": -0.18493401506019602,
            "order": [
                1,
                2,
                0
            ],
            "rmse": 0.6046828863836907,
            "tstamp": 1639332656.717676
        },
        {
            "mean": -0.21465761443402773,
            "order": [
                6,
                2,
                2
            ],
            "rmse": 0.6787544802625485,
            "tstamp": 1639373671.5452387
        },
        {
            "mean": -0.21465761443402773,
            "order": [
                1,
                2,
                1
            ],
            "rmse": 0.7268661307619755,
            "tstamp": 1639373671.5452387
        },
        {
            "mean": -0.21465761443402773,
            "order": [
                3,
                0,
                1
            ],
            "rmse": 0.7525365923623004,
            "tstamp": 1639373671.5452387
        }
    ],
    "stream": "z1~electricity-lbmp-nyiso-o_h~70.json",
    "todo": [
        [
            0,
            0,
            0
        ],
        [
            0,
            0,
            1
        ],
        [
            0,
            0,
            2
        ],
        [
            0,
            1,
            0
        ],
        [
            0,
            1,
            1
        ],
        [
            0,
            1,
            2
        ],
        [
            0,
            2,
            0
        ],
        [
            0,
            2,
            1
        ],
        [
            0,
            2,
            2
        ],
        [
            1,
            0,
            0
        ],
        [
            1,
            0,
            1
        ],
        [
            1,
            0,
            2
        ],
        [
            1,
            1,
            0
        ],
        [
            1,
            1,
            1
        ],
        [
            1,
            1,
            2
        ],
        [
            1,
            2,
            2
        ],
        [
            2,
            0,
            0
        ],
        [
            2,
            0,
            1
        ],
        [
            2,
            0,
            2
        ],
        [
            2,
            1,
            0
        ],
        [
            2,
            1,
            1
        ],
        [
            2,
            1,
            2
        ],
        [
            2,
            2,
            0
        ],
        [
            2,
            2,
            1
        ],
        [
            2,
            2,
            2
        ],
        [
            3,
            0,
            0
        ],
        [
            3,
            0,
            2
        ],
        [
            3,
            1,
            0
        ],
        [
            3,
            1,
            1
        ],
        [
            3,
            1,
            2
        ],
        [
            3,
            2,
            0
        ],
        [
            3,
            2,
            1
        ],
        [
            3,
            2,
            2
        ],
        [
            6,
            0,
            0
        ],
        [
            6,
            0,
            1
        ],
        [
            6,
            0,
            2
        ],
        [
            6,
            1,
            0
        ],
        [
            6,
            1,
            1
        ],
        [
            6,
            1,
            2
        ],
        [
            6,
            2,
            0
        ],
        [
            6,
            2,
            1
        ]
    ]
}