{
    "numlags": 400,
    "results": [
        {
            "mean": 0.22485964997202304,
            "order": [
                2,
                0,
                2
            ],
            "rmse": 1.3484077178233085,
            "tstamp": 1639402848.0788708
        },
        {
            "mean": 0.1488768359349616,
            "order": [
                6,
                2,
                2
            ],
            "rmse": 0.7274906624265567,
            "tstamp": 1639621564.3803651
        },
        {
            "mean": 0.1488768359349616,
            "order": [
                1,
                1,
                0
            ],
            "rmse": 0.7420055852746313,
            "tstamp": 1639621564.3803651
        },
        {
            "mean": 0.1488768359349616,
            "order": [
                6,
                1,
                0
            ],
            "rmse": 0.7467753943957616,
            "tstamp": 1639621564.3803651
        }
    ],
    "stream": "z1~electricity-fueltype-nyiso-wind~70.json",
    "todo": [
        [
            0,
            0,
            0
        ],
        [
            0,
            0,
            1
        ],
        [
            0,
            0,
            2
        ],
        [
            0,
            1,
            0
        ],
        [
            0,
            1,
            1
        ],
        [
            0,
            1,
            2
        ],
        [
            0,
            2,
            0
        ],
        [
            0,
            2,
            1
        ],
        [
            0,
            2,
            2
        ],
        [
            1,
            0,
            0
        ],
        [
            1,
            0,
            1
        ],
        [
            1,
            0,
            2
        ],
        [
            1,
            1,
            1
        ],
        [
            1,
            1,
            2
        ],
        [
            1,
            2,
            0
        ],
        [
            1,
            2,
            1
        ],
        [
            1,
            2,
            2
        ],
        [
            2,
            0,
            0
        ],
        [
            2,
            0,
            1
        ],
        [
            2,
            1,
            0
        ],
        [
            2,
            1,
            1
        ],
        [
            2,
            1,
            2
        ],
        [
            2,
            2,
            0
        ],
        [
            2,
            2,
            1
        ],
        [
            2,
            2,
            2
        ],
        [
            3,
            0,
            0
        ],
        [
            3,
            0,
            1
        ],
        [
            3,
            0,
            2
        ],
        [
            3,
            1,
            0
        ],
        [
            3,
            1,
            1
        ],
        [
            3,
            1,
            2
        ],
        [
            3,
            2,
            0
        ],
        [
            3,
            2,
            1
        ],
        [
            3,
            2,
            2
        ],
        [
            6,
            0,
            0
        ],
        [
            6,
            0,
            1
        ],
        [
            6,
            0,
            2
        ],
        [
            6,
            1,
            1
        ],
        [
            6,
            1,
            2
        ],
        [
            6,
            2,
            0
        ],
        [
            6,
            2,
            1
        ]
    ],
    "version": "0.1"
}