{
    "numlags": 400,
    "results": [
        {
            "mean": 0.2650926855668361,
            "order": [
                0,
                1,
                2
            ],
            "rmse": 0.032654972382407256,
            "tstamp": 1639531925.5700445
        },
        {
            "mean": 0.2650926855668361,
            "order": [
                1,
                0,
                0
            ],
            "rmse": 0.03335914431578212,
            "tstamp": 1639531925.5700445
        },
        {
            "mean": 0.2650926855668361,
            "order": [
                6,
                0,
                2
            ],
            "rmse": 0.035343123050944586,
            "tstamp": 1639531925.5700445
        }
    ],
    "stream": "z1~electricity-fueltype-nyiso-other_fossil_fuels~3555.json",
    "todo": [
        [
            0,
            0,
            0
        ],
        [
            0,
            0,
            1
        ],
        [
            0,
            0,
            2
        ],
        [
            0,
            1,
            0
        ],
        [
            0,
            1,
            1
        ],
        [
            0,
            2,
            0
        ],
        [
            0,
            2,
            1
        ],
        [
            0,
            2,
            2
        ],
        [
            1,
            0,
            1
        ],
        [
            1,
            0,
            2
        ],
        [
            1,
            1,
            0
        ],
        [
            1,
            1,
            1
        ],
        [
            1,
            1,
            2
        ],
        [
            1,
            2,
            0
        ],
        [
            1,
            2,
            1
        ],
        [
            1,
            2,
            2
        ],
        [
            2,
            0,
            0
        ],
        [
            2,
            0,
            1
        ],
        [
            2,
            0,
            2
        ],
        [
            2,
            1,
            0
        ],
        [
            2,
            1,
            1
        ],
        [
            2,
            1,
            2
        ],
        [
            2,
            2,
            0
        ],
        [
            2,
            2,
            1
        ],
        [
            2,
            2,
            2
        ],
        [
            3,
            0,
            0
        ],
        [
            3,
            0,
            1
        ],
        [
            3,
            0,
            2
        ],
        [
            3,
            1,
            0
        ],
        [
            3,
            1,
            1
        ],
        [
            3,
            1,
            2
        ],
        [
            3,
            2,
            0
        ],
        [
            3,
            2,
            1
        ],
        [
            3,
            2,
            2
        ],
        [
            6,
            0,
            0
        ],
        [
            6,
            0,
            1
        ],
        [
            6,
            1,
            0
        ],
        [
            6,
            1,
            1
        ],
        [
            6,
            1,
            2
        ],
        [
            6,
            2,
            0
        ],
        [
            6,
            2,
            1
        ],
        [
            6,
            2,
            2
        ]
    ],
    "version": "0.1"
}