{
    "numlags": 400,
    "results": [
        {
            "mean": -0.166715869239045,
            "order": [
                2,
                1,
                2
            ],
            "rmse": 0.6861952856266017,
            "tstamp": 1639362592.5611763
        },
        {
            "mean": 0.020725658356729213,
            "order": [
                1,
                1,
                2
            ],
            "rmse": 0.8352536411989906,
            "tstamp": 1639529140.3089678
        },
        {
            "mean": 0.020725658356729213,
            "order": [
                1,
                2,
                2
            ],
            "rmse": 0.8967787030302037,
            "tstamp": 1639529140.3089678
        },
        {
            "mean": 0.020725658356729213,
            "order": [
                2,
                2,
                1
            ],
            "rmse": 1.4591963002898765,
            "tstamp": 1639529140.3089678
        }
    ],
    "stream": "z1~electricity-load-nyiso-west~70.json",
    "todo": [
        [
            0,
            0,
            0
        ],
        [
            0,
            0,
            1
        ],
        [
            0,
            0,
            2
        ],
        [
            0,
            1,
            0
        ],
        [
            0,
            1,
            1
        ],
        [
            0,
            1,
            2
        ],
        [
            0,
            2,
            0
        ],
        [
            0,
            2,
            1
        ],
        [
            0,
            2,
            2
        ],
        [
            1,
            0,
            0
        ],
        [
            1,
            0,
            1
        ],
        [
            1,
            0,
            2
        ],
        [
            1,
            1,
            0
        ],
        [
            1,
            1,
            1
        ],
        [
            1,
            2,
            0
        ],
        [
            1,
            2,
            1
        ],
        [
            2,
            0,
            0
        ],
        [
            2,
            0,
            1
        ],
        [
            2,
            0,
            2
        ],
        [
            2,
            1,
            0
        ],
        [
            2,
            1,
            1
        ],
        [
            2,
            2,
            0
        ],
        [
            2,
            2,
            2
        ],
        [
            3,
            0,
            0
        ],
        [
            3,
            0,
            1
        ],
        [
            3,
            0,
            2
        ],
        [
            3,
            1,
            0
        ],
        [
            3,
            1,
            1
        ],
        [
            3,
            1,
            2
        ],
        [
            3,
            2,
            0
        ],
        [
            3,
            2,
            1
        ],
        [
            3,
            2,
            2
        ],
        [
            6,
            0,
            0
        ],
        [
            6,
            0,
            1
        ],
        [
            6,
            0,
            2
        ],
        [
            6,
            1,
            0
        ],
        [
            6,
            1,
            1
        ],
        [
            6,
            1,
            2
        ],
        [
            6,
            2,
            0
        ],
        [
            6,
            2,
            1
        ],
        [
            6,
            2,
            2
        ]
    ],
    "version": "0.1"
}