{
    "numlags": 400,
    "results": [
        [
            [
                0,
                0,
                1
            ],
            0.7045668427476329
        ],
        [
            [
                6,
                2,
                0
            ],
            0.7078480977973017
        ],
        [
            [
                2,
                0,
                2
            ],
            0.7490062529491427
        ],
        {
            "mean": 0.14064349658337075,
            "order": [
                6,
                0,
                1
            ],
            "rmse": 0.8534004156417939,
            "tstamp": 1639441712.2034678
        },
        {
            "mean": 0.14064349658337075,
            "order": [
                2,
                1,
                2
            ],
            "rmse": 0.8724115851870936,
            "tstamp": 1639441712.2034678
        },
        {
            "mean": 0.14064349658337075,
            "order": [
                3,
                2,
                2
            ],
            "rmse": 0.8850848914467689,
            "tstamp": 1639441712.2034678
        },
        {
            "mean": 0.07098379172812466,
            "order": [
                0,
                1,
                2
            ],
            "rmse": 1.333184165285706,
            "tstamp": 1639489157.8283463
        }
    ],
    "stream": "z1~electricity-load-nyiso-longil~3555.json",
    "todo": [
        [
            0,
            0,
            0
        ],
        [
            0,
            0,
            2
        ],
        [
            0,
            1,
            0
        ],
        [
            0,
            1,
            1
        ],
        [
            0,
            2,
            0
        ],
        [
            0,
            2,
            1
        ],
        [
            0,
            2,
            2
        ],
        [
            1,
            0,
            0
        ],
        [
            1,
            0,
            1
        ],
        [
            1,
            0,
            2
        ],
        [
            1,
            1,
            0
        ],
        [
            1,
            1,
            1
        ],
        [
            1,
            1,
            2
        ],
        [
            1,
            2,
            0
        ],
        [
            1,
            2,
            1
        ],
        [
            1,
            2,
            2
        ],
        [
            2,
            0,
            0
        ],
        [
            2,
            0,
            1
        ],
        [
            2,
            1,
            0
        ],
        [
            2,
            1,
            1
        ],
        [
            2,
            2,
            0
        ],
        [
            2,
            2,
            1
        ],
        [
            2,
            2,
            2
        ],
        [
            3,
            0,
            0
        ],
        [
            3,
            0,
            1
        ],
        [
            3,
            0,
            2
        ],
        [
            3,
            1,
            0
        ],
        [
            3,
            1,
            1
        ],
        [
            3,
            1,
            2
        ],
        [
            3,
            2,
            0
        ],
        [
            3,
            2,
            1
        ],
        [
            6,
            0,
            0
        ],
        [
            6,
            0,
            2
        ],
        [
            6,
            1,
            0
        ],
        [
            6,
            1,
            1
        ],
        [
            6,
            1,
            2
        ],
        [
            6,
            2,
            1
        ],
        [
            6,
            2,
            2
        ]
    ],
    "version": "0.1"
}