{
    "numlags": 400,
    "results": [
        {
            "mean": -0.1404095529902089,
            "order": [
                1,
                0,
                1
            ],
            "rmse": 0.7055081535931725,
            "tstamp": 1639351550.1919909
        },
        {
            "mean": -0.1404095529902089,
            "order": [
                6,
                0,
                1
            ],
            "rmse": 0.7093898127141551,
            "tstamp": 1639351550.1919909
        },
        {
            "mean": -0.1404095529902089,
            "order": [
                0,
                1,
                2
            ],
            "rmse": 0.7132335200067863,
            "tstamp": 1639351550.1919909
        },
        {
            "mean": -0.20022632287882364,
            "order": [
                6,
                0,
                2
            ],
            "rmse": 0.589430862899943,
            "tstamp": 1639372269.5084617
        }
    ],
    "stream": "z1~electricity-lbmp-nyiso-capitl~3555.json",
    "todo": [
        [
            0,
            0,
            0
        ],
        [
            0,
            0,
            1
        ],
        [
            0,
            0,
            2
        ],
        [
            0,
            1,
            0
        ],
        [
            0,
            1,
            1
        ],
        [
            0,
            2,
            0
        ],
        [
            0,
            2,
            1
        ],
        [
            0,
            2,
            2
        ],
        [
            1,
            0,
            0
        ],
        [
            1,
            0,
            2
        ],
        [
            1,
            1,
            0
        ],
        [
            1,
            1,
            1
        ],
        [
            1,
            1,
            2
        ],
        [
            1,
            2,
            0
        ],
        [
            1,
            2,
            1
        ],
        [
            1,
            2,
            2
        ],
        [
            2,
            0,
            0
        ],
        [
            2,
            0,
            1
        ],
        [
            2,
            0,
            2
        ],
        [
            2,
            1,
            0
        ],
        [
            2,
            1,
            1
        ],
        [
            2,
            1,
            2
        ],
        [
            2,
            2,
            0
        ],
        [
            2,
            2,
            1
        ],
        [
            2,
            2,
            2
        ],
        [
            3,
            0,
            0
        ],
        [
            3,
            0,
            1
        ],
        [
            3,
            0,
            2
        ],
        [
            3,
            1,
            0
        ],
        [
            3,
            1,
            1
        ],
        [
            3,
            1,
            2
        ],
        [
            3,
            2,
            0
        ],
        [
            3,
            2,
            1
        ],
        [
            3,
            2,
            2
        ],
        [
            6,
            0,
            0
        ],
        [
            6,
            1,
            0
        ],
        [
            6,
            1,
            1
        ],
        [
            6,
            1,
            2
        ],
        [
            6,
            2,
            0
        ],
        [
            6,
            2,
            1
        ],
        [
            6,
            2,
            2
        ]
    ]
}