{
    "numlags": 400,
    "results": [
        {
            "mean": 0.0454826058229731,
            "order": [
                2,
                1,
                1
            ],
            "rmse": 0.9321742400521548,
            "tstamp": 1639365030.8831787
        },
        {
            "mean": 0.0021735864997465947,
            "order": [
                6,
                0,
                1
            ],
            "rmse": 0.7460841986710998,
            "tstamp": 1639373170.3957691
        },
        {
            "mean": 0.0021735864997465947,
            "order": [
                3,
                2,
                2
            ],
            "rmse": 0.7614391858028298,
            "tstamp": 1639373170.3957691
        },
        {
            "mean": 0.0021735864997465947,
            "order": [
                1,
                2,
                1
            ],
            "rmse": 0.8261147313811599,
            "tstamp": 1639373170.3957691
        }
    ],
    "stream": "z1~electricity-load-nyiso-overall~3555.json",
    "todo": [
        [
            0,
            0,
            0
        ],
        [
            0,
            0,
            1
        ],
        [
            0,
            0,
            2
        ],
        [
            0,
            1,
            0
        ],
        [
            0,
            1,
            1
        ],
        [
            0,
            1,
            2
        ],
        [
            0,
            2,
            0
        ],
        [
            0,
            2,
            1
        ],
        [
            0,
            2,
            2
        ],
        [
            1,
            0,
            0
        ],
        [
            1,
            0,
            1
        ],
        [
            1,
            0,
            2
        ],
        [
            1,
            1,
            0
        ],
        [
            1,
            1,
            1
        ],
        [
            1,
            1,
            2
        ],
        [
            1,
            2,
            0
        ],
        [
            1,
            2,
            2
        ],
        [
            2,
            0,
            0
        ],
        [
            2,
            0,
            1
        ],
        [
            2,
            0,
            2
        ],
        [
            2,
            1,
            0
        ],
        [
            2,
            1,
            2
        ],
        [
            2,
            2,
            0
        ],
        [
            2,
            2,
            1
        ],
        [
            2,
            2,
            2
        ],
        [
            3,
            0,
            0
        ],
        [
            3,
            0,
            1
        ],
        [
            3,
            0,
            2
        ],
        [
            3,
            1,
            0
        ],
        [
            3,
            1,
            1
        ],
        [
            3,
            1,
            2
        ],
        [
            3,
            2,
            0
        ],
        [
            3,
            2,
            1
        ],
        [
            6,
            0,
            0
        ],
        [
            6,
            0,
            2
        ],
        [
            6,
            1,
            0
        ],
        [
            6,
            1,
            1
        ],
        [
            6,
            1,
            2
        ],
        [
            6,
            2,
            0
        ],
        [
            6,
            2,
            1
        ],
        [
            6,
            2,
            2
        ]
    ]
}