{
    "numlags": 400,
    "results": [
        {
            "mean": -0.24482973234928682,
            "order": [
                2,
                0,
                1
            ],
            "rmse": 0.9043296189521643,
            "tstamp": 1639401579.662123
        },
        {
            "mean": -0.010356800118516049,
            "order": [
                0,
                1,
                1
            ],
            "rmse": 0.6090500828514516,
            "tstamp": 1639553824.8080916
        },
        {
            "mean": -0.010356800118516049,
            "order": [
                3,
                0,
                1
            ],
            "rmse": 0.6369457138981898,
            "tstamp": 1639553824.8080916
        },
        {
            "mean": -0.010356800118516049,
            "order": [
                3,
                2,
                1
            ],
            "rmse": 0.6564418266265883,
            "tstamp": 1639553824.8080916
        }
    ],
    "stream": "z1~electricity-lbmp-nyiso-mhk_valley~3555.json",
    "todo": [
        [
            0,
            0,
            0
        ],
        [
            0,
            0,
            1
        ],
        [
            0,
            0,
            2
        ],
        [
            0,
            1,
            0
        ],
        [
            0,
            1,
            2
        ],
        [
            0,
            2,
            0
        ],
        [
            0,
            2,
            1
        ],
        [
            0,
            2,
            2
        ],
        [
            1,
            0,
            0
        ],
        [
            1,
            0,
            1
        ],
        [
            1,
            0,
            2
        ],
        [
            1,
            1,
            0
        ],
        [
            1,
            1,
            1
        ],
        [
            1,
            1,
            2
        ],
        [
            1,
            2,
            0
        ],
        [
            1,
            2,
            1
        ],
        [
            1,
            2,
            2
        ],
        [
            2,
            0,
            0
        ],
        [
            2,
            0,
            2
        ],
        [
            2,
            1,
            0
        ],
        [
            2,
            1,
            1
        ],
        [
            2,
            1,
            2
        ],
        [
            2,
            2,
            0
        ],
        [
            2,
            2,
            1
        ],
        [
            2,
            2,
            2
        ],
        [
            3,
            0,
            0
        ],
        [
            3,
            0,
            2
        ],
        [
            3,
            1,
            0
        ],
        [
            3,
            1,
            1
        ],
        [
            3,
            1,
            2
        ],
        [
            3,
            2,
            0
        ],
        [
            3,
            2,
            2
        ],
        [
            6,
            0,
            0
        ],
        [
            6,
            0,
            1
        ],
        [
            6,
            0,
            2
        ],
        [
            6,
            1,
            0
        ],
        [
            6,
            1,
            1
        ],
        [
            6,
            1,
            2
        ],
        [
            6,
            2,
            0
        ],
        [
            6,
            2,
            1
        ],
        [
            6,
            2,
            2
        ]
    ],
    "version": "0.1"
}