{
    "numlags": 400,
    "results": [
        {
            "mean": -0.25176394736028707,
            "order": [
                3,
                1,
                0
            ],
            "rmse": 0.7152264483518413,
            "tstamp": 1639408249.434209
        },
        {
            "mean": -0.05477683115225601,
            "order": [
                6,
                0,
                2
            ],
            "rmse": 0.6313813936979334,
            "tstamp": 1639621978.4669642
        },
        {
            "mean": -0.05477683115225601,
            "order": [
                1,
                0,
                0
            ],
            "rmse": 0.6321650822448076,
            "tstamp": 1639621978.4669642
        },
        {
            "mean": -0.05477683115225601,
            "order": [
                6,
                2,
                1
            ],
            "rmse": 0.6339670651116072,
            "tstamp": 1639621978.4669642
        }
    ],
    "stream": "z1~electricity-lbmp-nyiso-north~70.json",
    "todo": [
        [
            0,
            0,
            0
        ],
        [
            0,
            0,
            1
        ],
        [
            0,
            0,
            2
        ],
        [
            0,
            1,
            0
        ],
        [
            0,
            1,
            1
        ],
        [
            0,
            1,
            2
        ],
        [
            0,
            2,
            0
        ],
        [
            0,
            2,
            1
        ],
        [
            0,
            2,
            2
        ],
        [
            1,
            0,
            1
        ],
        [
            1,
            0,
            2
        ],
        [
            1,
            1,
            0
        ],
        [
            1,
            1,
            1
        ],
        [
            1,
            1,
            2
        ],
        [
            1,
            2,
            0
        ],
        [
            1,
            2,
            1
        ],
        [
            1,
            2,
            2
        ],
        [
            2,
            0,
            0
        ],
        [
            2,
            0,
            1
        ],
        [
            2,
            0,
            2
        ],
        [
            2,
            1,
            0
        ],
        [
            2,
            1,
            1
        ],
        [
            2,
            1,
            2
        ],
        [
            2,
            2,
            0
        ],
        [
            2,
            2,
            1
        ],
        [
            2,
            2,
            2
        ],
        [
            3,
            0,
            0
        ],
        [
            3,
            0,
            1
        ],
        [
            3,
            0,
            2
        ],
        [
            3,
            1,
            1
        ],
        [
            3,
            1,
            2
        ],
        [
            3,
            2,
            0
        ],
        [
            3,
            2,
            1
        ],
        [
            3,
            2,
            2
        ],
        [
            6,
            0,
            0
        ],
        [
            6,
            0,
            1
        ],
        [
            6,
            1,
            0
        ],
        [
            6,
            1,
            1
        ],
        [
            6,
            1,
            2
        ],
        [
            6,
            2,
            0
        ],
        [
            6,
            2,
            2
        ]
    ],
    "version": "0.1"
}