{
    "numlags": 400,
    "results": [
        {
            "mean": 0.07607430801989813,
            "order": [
                0,
                0,
                0
            ],
            "rmse": 0.7083390934136855,
            "tstamp": 1639333965.658187
        },
        {
            "mean": 0.07607430801989813,
            "order": [
                0,
                1,
                0
            ],
            "rmse": 0.9487086954480498,
            "tstamp": 1639333965.658187
        },
        {
            "mean": 0.07607430801989813,
            "order": [
                0,
                2,
                1
            ],
            "rmse": 0.9510061910066604,
            "tstamp": 1639333965.658187
        },
        {
            "mean": 0.061080854878077205,
            "order": [
                3,
                0,
                1
            ],
            "rmse": 0.7262147707535879,
            "tstamp": 1639589086.8011382
        }
    ],
    "stream": "z1~electricity-fueltype-nyiso-hydro~3555.json",
    "todo": [
        [
            0,
            0,
            1
        ],
        [
            0,
            0,
            2
        ],
        [
            0,
            1,
            1
        ],
        [
            0,
            1,
            2
        ],
        [
            0,
            2,
            0
        ],
        [
            0,
            2,
            2
        ],
        [
            1,
            0,
            0
        ],
        [
            1,
            0,
            1
        ],
        [
            1,
            0,
            2
        ],
        [
            1,
            1,
            0
        ],
        [
            1,
            1,
            1
        ],
        [
            1,
            1,
            2
        ],
        [
            1,
            2,
            0
        ],
        [
            1,
            2,
            1
        ],
        [
            1,
            2,
            2
        ],
        [
            2,
            0,
            0
        ],
        [
            2,
            0,
            1
        ],
        [
            2,
            0,
            2
        ],
        [
            2,
            1,
            0
        ],
        [
            2,
            1,
            1
        ],
        [
            2,
            1,
            2
        ],
        [
            2,
            2,
            0
        ],
        [
            2,
            2,
            1
        ],
        [
            2,
            2,
            2
        ],
        [
            3,
            0,
            0
        ],
        [
            3,
            0,
            2
        ],
        [
            3,
            1,
            0
        ],
        [
            3,
            1,
            1
        ],
        [
            3,
            1,
            2
        ],
        [
            3,
            2,
            0
        ],
        [
            3,
            2,
            1
        ],
        [
            3,
            2,
            2
        ],
        [
            6,
            0,
            0
        ],
        [
            6,
            0,
            1
        ],
        [
            6,
            0,
            2
        ],
        [
            6,
            1,
            0
        ],
        [
            6,
            1,
            1
        ],
        [
            6,
            1,
            2
        ],
        [
            6,
            2,
            0
        ],
        [
            6,
            2,
            1
        ],
        [
            6,
            2,
            2
        ]
    ],
    "version": "0.1"
}