{
    "numlags": 400,
    "results": [
        {
            "mean": 0.14064349658337075,
            "order": [
                6,
                0,
                1
            ],
            "rmse": 0.8534004156417939,
            "tstamp": 1639441712.2034678
        },
        {
            "mean": 0.14064349658337075,
            "order": [
                2,
                1,
                2
            ],
            "rmse": 0.8724115851870936,
            "tstamp": 1639441712.2034678
        },
        {
            "mean": 0.14064349658337075,
            "order": [
                3,
                2,
                2
            ],
            "rmse": 0.8850848914467689,
            "tstamp": 1639441712.2034678
        },
        {
            "mean": 0.24746983790598034,
            "order": [
                2,
                0,
                0
            ],
            "rmse": 1.212216687277386,
            "tstamp": 1639975832.2238796
        }
    ],
    "stream": "z1~electricity-load-nyiso-longil~3555.json",
    "todo": [
        [
            0,
            0,
            0
        ],
        [
            0,
            0,
            2
        ],
        [
            0,
            1,
            0
        ],
        [
            0,
            1,
            1
        ],
        [
            0,
            1,
            2
        ],
        [
            0,
            2,
            0
        ],
        [
            0,
            2,
            1
        ],
        [
            0,
            2,
            2
        ],
        [
            1,
            0,
            0
        ],
        [
            1,
            0,
            1
        ],
        [
            1,
            0,
            2
        ],
        [
            1,
            1,
            0
        ],
        [
            1,
            1,
            1
        ],
        [
            1,
            1,
            2
        ],
        [
            1,
            2,
            0
        ],
        [
            1,
            2,
            1
        ],
        [
            1,
            2,
            2
        ],
        [
            2,
            0,
            1
        ],
        [
            2,
            1,
            0
        ],
        [
            2,
            1,
            1
        ],
        [
            2,
            2,
            0
        ],
        [
            2,
            2,
            1
        ],
        [
            2,
            2,
            2
        ],
        [
            3,
            0,
            0
        ],
        [
            3,
            0,
            1
        ],
        [
            3,
            0,
            2
        ],
        [
            3,
            1,
            0
        ],
        [
            3,
            1,
            1
        ],
        [
            3,
            1,
            2
        ],
        [
            3,
            2,
            0
        ],
        [
            3,
            2,
            1
        ],
        [
            6,
            0,
            0
        ],
        [
            6,
            0,
            2
        ],
        [
            6,
            1,
            0
        ],
        [
            6,
            1,
            1
        ],
        [
            6,
            1,
            2
        ],
        [
            6,
            2,
            1
        ],
        [
            6,
            2,
            2
        ]
    ],
    "version": "0.1"
}