{
    "numlags": 400,
    "results": [
        {
            "mean": -0.1921411170277272,
            "order": [
                3,
                1,
                2
            ],
            "rmse": 0.8954042842413926,
            "tstamp": 1639455177.3713305
        },
        {
            "mean": -0.07357364097932029,
            "order": [
                0,
                1,
                2
            ],
            "rmse": 0.7836588042544843,
            "tstamp": 1639576146.4584312
        },
        {
            "mean": -0.07357364097932029,
            "order": [
                3,
                1,
                1
            ],
            "rmse": 0.786135976802571,
            "tstamp": 1639576146.4584312
        },
        {
            "mean": -0.07357364097932029,
            "order": [
                6,
                1,
                2
            ],
            "rmse": 0.7930105884502304,
            "tstamp": 1639576146.4584312
        }
    ],
    "stream": "z1~electricity-lbmp-nyiso-longil~70.json",
    "todo": [
        [
            0,
            0,
            0
        ],
        [
            0,
            0,
            1
        ],
        [
            0,
            0,
            2
        ],
        [
            0,
            1,
            0
        ],
        [
            0,
            1,
            1
        ],
        [
            0,
            2,
            0
        ],
        [
            0,
            2,
            1
        ],
        [
            0,
            2,
            2
        ],
        [
            1,
            0,
            0
        ],
        [
            1,
            0,
            1
        ],
        [
            1,
            0,
            2
        ],
        [
            1,
            1,
            0
        ],
        [
            1,
            1,
            1
        ],
        [
            1,
            1,
            2
        ],
        [
            1,
            2,
            0
        ],
        [
            1,
            2,
            1
        ],
        [
            1,
            2,
            2
        ],
        [
            2,
            0,
            0
        ],
        [
            2,
            0,
            1
        ],
        [
            2,
            0,
            2
        ],
        [
            2,
            1,
            0
        ],
        [
            2,
            1,
            1
        ],
        [
            2,
            1,
            2
        ],
        [
            2,
            2,
            0
        ],
        [
            2,
            2,
            1
        ],
        [
            2,
            2,
            2
        ],
        [
            3,
            0,
            0
        ],
        [
            3,
            0,
            1
        ],
        [
            3,
            0,
            2
        ],
        [
            3,
            1,
            0
        ],
        [
            3,
            2,
            0
        ],
        [
            3,
            2,
            1
        ],
        [
            3,
            2,
            2
        ],
        [
            6,
            0,
            0
        ],
        [
            6,
            0,
            1
        ],
        [
            6,
            0,
            2
        ],
        [
            6,
            1,
            0
        ],
        [
            6,
            1,
            1
        ],
        [
            6,
            2,
            0
        ],
        [
            6,
            2,
            1
        ],
        [
            6,
            2,
            2
        ]
    ],
    "version": "0.1"
}