{
    "numlags": 400,
    "results": [
        {
            "mean": -0.05539113154809143,
            "order": [
                3,
                2,
                1
            ],
            "rmse": 0.7601298723117321,
            "tstamp": 1639338663.592965
        },
        {
            "mean": -0.05539113154809143,
            "order": [
                6,
                2,
                1
            ],
            "rmse": 0.7836218366374328,
            "tstamp": 1639338663.592965
        },
        {
            "mean": -0.05539113154809143,
            "order": [
                2,
                1,
                1
            ],
            "rmse": 0.871746981957616,
            "tstamp": 1639338663.592965
        },
        {
            "mean": -0.051847013885417056,
            "order": [
                0,
                1,
                1
            ],
            "rmse": 0.648752713588606,
            "tstamp": 1639366756.4409103
        }
    ],
    "stream": "z1~electricity-load-nyiso-capitl~70.json",
    "todo": [
        [
            0,
            0,
            0
        ],
        [
            0,
            0,
            1
        ],
        [
            0,
            0,
            2
        ],
        [
            0,
            1,
            0
        ],
        [
            0,
            1,
            2
        ],
        [
            0,
            2,
            0
        ],
        [
            0,
            2,
            1
        ],
        [
            0,
            2,
            2
        ],
        [
            1,
            0,
            0
        ],
        [
            1,
            0,
            1
        ],
        [
            1,
            0,
            2
        ],
        [
            1,
            1,
            0
        ],
        [
            1,
            1,
            1
        ],
        [
            1,
            1,
            2
        ],
        [
            1,
            2,
            0
        ],
        [
            1,
            2,
            1
        ],
        [
            1,
            2,
            2
        ],
        [
            2,
            0,
            0
        ],
        [
            2,
            0,
            1
        ],
        [
            2,
            0,
            2
        ],
        [
            2,
            1,
            0
        ],
        [
            2,
            1,
            2
        ],
        [
            2,
            2,
            0
        ],
        [
            2,
            2,
            1
        ],
        [
            2,
            2,
            2
        ],
        [
            3,
            0,
            0
        ],
        [
            3,
            0,
            1
        ],
        [
            3,
            0,
            2
        ],
        [
            3,
            1,
            0
        ],
        [
            3,
            1,
            1
        ],
        [
            3,
            1,
            2
        ],
        [
            3,
            2,
            0
        ],
        [
            3,
            2,
            2
        ],
        [
            6,
            0,
            0
        ],
        [
            6,
            0,
            1
        ],
        [
            6,
            0,
            2
        ],
        [
            6,
            1,
            0
        ],
        [
            6,
            1,
            1
        ],
        [
            6,
            1,
            2
        ],
        [
            6,
            2,
            0
        ],
        [
            6,
            2,
            2
        ]
    ]
}