{
    "numlags": 400,
    "results": [
        {
            "mean": 0.02183097660172647,
            "order": [
                1,
                0,
                0
            ],
            "rmse": 1.0204673833022921,
            "tstamp": 1639811752.380521
        },
        {
            "mean": 0.02183097660172647,
            "order": [
                1,
                1,
                0
            ],
            "rmse": 1.1048837661626556,
            "tstamp": 1639811752.380521
        },
        {
            "mean": 0.02183097660172647,
            "order": [
                2,
                2,
                0
            ],
            "rmse": 1.5122017909089986,
            "tstamp": 1639811752.380521
        },
        {
            "mean": 0.01456463184579827,
            "order": [
                3,
                2,
                0
            ],
            "rmse": 1.1218665164751376,
            "tstamp": 1639995078.8371277
        }
    ],
    "stream": "z1~portfolio_c2_0_info~70.json",
    "todo": [
        [
            0,
            0,
            0
        ],
        [
            0,
            0,
            1
        ],
        [
            0,
            0,
            2
        ],
        [
            0,
            1,
            0
        ],
        [
            0,
            1,
            1
        ],
        [
            0,
            1,
            2
        ],
        [
            0,
            2,
            0
        ],
        [
            0,
            2,
            1
        ],
        [
            0,
            2,
            2
        ],
        [
            1,
            0,
            1
        ],
        [
            1,
            0,
            2
        ],
        [
            1,
            1,
            1
        ],
        [
            1,
            1,
            2
        ],
        [
            1,
            2,
            0
        ],
        [
            1,
            2,
            1
        ],
        [
            1,
            2,
            2
        ],
        [
            2,
            0,
            0
        ],
        [
            2,
            0,
            1
        ],
        [
            2,
            0,
            2
        ],
        [
            2,
            1,
            0
        ],
        [
            2,
            1,
            1
        ],
        [
            2,
            1,
            2
        ],
        [
            2,
            2,
            1
        ],
        [
            2,
            2,
            2
        ],
        [
            3,
            0,
            0
        ],
        [
            3,
            0,
            1
        ],
        [
            3,
            0,
            2
        ],
        [
            3,
            1,
            0
        ],
        [
            3,
            1,
            1
        ],
        [
            3,
            1,
            2
        ],
        [
            3,
            2,
            1
        ],
        [
            3,
            2,
            2
        ],
        [
            6,
            0,
            0
        ],
        [
            6,
            0,
            1
        ],
        [
            6,
            0,
            2
        ],
        [
            6,
            1,
            0
        ],
        [
            6,
            1,
            1
        ],
        [
            6,
            1,
            2
        ],
        [
            6,
            2,
            0
        ],
        [
            6,
            2,
            1
        ],
        [
            6,
            2,
            2
        ]
    ],
    "version": "0.1"
}