{
    "numlags": 400,
    "results": [
        {
            "mean": 0.16828890461227497,
            "order": [
                2,
                2,
                0
            ],
            "rmse": 0.991800945150931,
            "tstamp": 1639815162.3961241
        },
        {
            "mean": 0.03393060327643591,
            "order": [
                1,
                1,
                1
            ],
            "rmse": 0.9774267525419117,
            "tstamp": 1639936652.4589276
        },
        {
            "mean": 0.03393060327643591,
            "order": [
                3,
                2,
                1
            ],
            "rmse": 0.98067121897798,
            "tstamp": 1639936652.4589276
        },
        {
            "mean": 0.03393060327643591,
            "order": [
                1,
                2,
                0
            ],
            "rmse": 1.0445500048000764,
            "tstamp": 1639936652.4589276
        }
    ],
    "stream": "z1~portfolio_c2_35_expected~70.json",
    "todo": [
        [
            0,
            0,
            0
        ],
        [
            0,
            0,
            1
        ],
        [
            0,
            0,
            2
        ],
        [
            0,
            1,
            0
        ],
        [
            0,
            1,
            1
        ],
        [
            0,
            1,
            2
        ],
        [
            0,
            2,
            0
        ],
        [
            0,
            2,
            1
        ],
        [
            0,
            2,
            2
        ],
        [
            1,
            0,
            0
        ],
        [
            1,
            0,
            1
        ],
        [
            1,
            0,
            2
        ],
        [
            1,
            1,
            0
        ],
        [
            1,
            1,
            2
        ],
        [
            1,
            2,
            1
        ],
        [
            1,
            2,
            2
        ],
        [
            2,
            0,
            0
        ],
        [
            2,
            0,
            1
        ],
        [
            2,
            0,
            2
        ],
        [
            2,
            1,
            0
        ],
        [
            2,
            1,
            1
        ],
        [
            2,
            1,
            2
        ],
        [
            2,
            2,
            1
        ],
        [
            2,
            2,
            2
        ],
        [
            3,
            0,
            0
        ],
        [
            3,
            0,
            1
        ],
        [
            3,
            0,
            2
        ],
        [
            3,
            1,
            0
        ],
        [
            3,
            1,
            1
        ],
        [
            3,
            1,
            2
        ],
        [
            3,
            2,
            0
        ],
        [
            3,
            2,
            2
        ],
        [
            6,
            0,
            0
        ],
        [
            6,
            0,
            1
        ],
        [
            6,
            0,
            2
        ],
        [
            6,
            1,
            0
        ],
        [
            6,
            1,
            1
        ],
        [
            6,
            1,
            2
        ],
        [
            6,
            2,
            0
        ],
        [
            6,
            2,
            1
        ],
        [
            6,
            2,
            2
        ]
    ],
    "version": "0.1"
}