{
    "numlags": 400,
    "results": [
        {
            "mean": 0.05953951074363472,
            "order": [
                2,
                0,
                0
            ],
            "rmse": 0.8144200612089154,
            "tstamp": 1640237052.4522429
        },
        {
            "mean": 0.05953951074363472,
            "order": [
                3,
                0,
                1
            ],
            "rmse": 0.825792633395971,
            "tstamp": 1640237052.4522429
        },
        {
            "mean": 0.05953951074363472,
            "order": [
                0,
                0,
                0
            ],
            "rmse": 1.0329024070764181,
            "tstamp": 1640237052.4522429
        }
    ],
    "stream": "z1~portfolio_c2_60~3555.json",
    "todo": [
        [
            0,
            0,
            1
        ],
        [
            0,
            0,
            3
        ],
        [
            0,
            1,
            0
        ],
        [
            0,
            1,
            1
        ],
        [
            0,
            1,
            3
        ],
        [
            0,
            3,
            0
        ],
        [
            0,
            3,
            1
        ],
        [
            0,
            3,
            3
        ],
        [
            1,
            0,
            0
        ],
        [
            1,
            0,
            1
        ],
        [
            1,
            0,
            3
        ],
        [
            1,
            1,
            0
        ],
        [
            1,
            1,
            1
        ],
        [
            1,
            1,
            3
        ],
        [
            1,
            3,
            0
        ],
        [
            1,
            3,
            1
        ],
        [
            1,
            3,
            3
        ],
        [
            2,
            0,
            1
        ],
        [
            2,
            0,
            3
        ],
        [
            2,
            1,
            0
        ],
        [
            2,
            1,
            1
        ],
        [
            2,
            1,
            3
        ],
        [
            2,
            3,
            0
        ],
        [
            2,
            3,
            1
        ],
        [
            2,
            3,
            3
        ],
        [
            3,
            0,
            0
        ],
        [
            3,
            0,
            3
        ],
        [
            3,
            1,
            0
        ],
        [
            3,
            1,
            1
        ],
        [
            3,
            1,
            3
        ],
        [
            3,
            3,
            0
        ],
        [
            3,
            3,
            1
        ],
        [
            3,
            3,
            3
        ],
        [
            4,
            0,
            0
        ],
        [
            4,
            0,
            1
        ],
        [
            4,
            0,
            3
        ],
        [
            4,
            1,
            0
        ],
        [
            4,
            1,
            1
        ],
        [
            4,
            1,
            3
        ],
        [
            4,
            3,
            0
        ],
        [
            4,
            3,
            1
        ],
        [
            4,
            3,
            3
        ],
        [
            5,
            0,
            0
        ],
        [
            5,
            0,
            1
        ],
        [
            5,
            0,
            3
        ],
        [
            5,
            1,
            0
        ],
        [
            5,
            1,
            1
        ],
        [
            5,
            1,
            3
        ],
        [
            5,
            3,
            0
        ],
        [
            5,
            3,
            1
        ],
        [
            5,
            3,
            3
        ],
        [
            6,
            0,
            0
        ],
        [
            6,
            0,
            1
        ],
        [
            6,
            0,
            3
        ],
        [
            6,
            1,
            0
        ],
        [
            6,
            1,
            1
        ],
        [
            6,
            1,
            3
        ],
        [
            6,
            3,
            0
        ],
        [
            6,
            3,
            1
        ],
        [
            6,
            3,
            3
        ]
    ],
    "version": "0.1"
}