{
    "numlags": 400,
    "results": [
        {
            "mean": -0.04815441890650172,
            "order": [
                4,
                0,
                1
            ],
            "rmse": 0.7107049473925307,
            "tstamp": 1640262764.9687476
        },
        {
            "mean": -0.04815441890650172,
            "order": [
                0,
                3,
                3
            ],
            "rmse": 0.922334123572947,
            "tstamp": 1640262764.9687476
        },
        {
            "mean": -0.04815441890650172,
            "order": [
                1,
                3,
                1
            ],
            "rmse": 1.7039945350279107,
            "tstamp": 1640262764.9687476
        }
    ],
    "stream": "z1~portfolio_c2_10_rel~3555.json",
    "todo": [
        [
            0,
            0,
            0
        ],
        [
            0,
            0,
            1
        ],
        [
            0,
            0,
            3
        ],
        [
            0,
            1,
            0
        ],
        [
            0,
            1,
            1
        ],
        [
            0,
            1,
            3
        ],
        [
            0,
            3,
            0
        ],
        [
            0,
            3,
            1
        ],
        [
            1,
            0,
            0
        ],
        [
            1,
            0,
            1
        ],
        [
            1,
            0,
            3
        ],
        [
            1,
            1,
            0
        ],
        [
            1,
            1,
            1
        ],
        [
            1,
            1,
            3
        ],
        [
            1,
            3,
            0
        ],
        [
            1,
            3,
            3
        ],
        [
            2,
            0,
            0
        ],
        [
            2,
            0,
            1
        ],
        [
            2,
            0,
            3
        ],
        [
            2,
            1,
            0
        ],
        [
            2,
            1,
            1
        ],
        [
            2,
            1,
            3
        ],
        [
            2,
            3,
            0
        ],
        [
            2,
            3,
            1
        ],
        [
            2,
            3,
            3
        ],
        [
            3,
            0,
            0
        ],
        [
            3,
            0,
            1
        ],
        [
            3,
            0,
            3
        ],
        [
            3,
            1,
            0
        ],
        [
            3,
            1,
            1
        ],
        [
            3,
            1,
            3
        ],
        [
            3,
            3,
            0
        ],
        [
            3,
            3,
            1
        ],
        [
            3,
            3,
            3
        ],
        [
            4,
            0,
            0
        ],
        [
            4,
            0,
            3
        ],
        [
            4,
            1,
            0
        ],
        [
            4,
            1,
            1
        ],
        [
            4,
            1,
            3
        ],
        [
            4,
            3,
            0
        ],
        [
            4,
            3,
            1
        ],
        [
            4,
            3,
            3
        ],
        [
            5,
            0,
            0
        ],
        [
            5,
            0,
            1
        ],
        [
            5,
            0,
            3
        ],
        [
            5,
            1,
            0
        ],
        [
            5,
            1,
            1
        ],
        [
            5,
            1,
            3
        ],
        [
            5,
            3,
            0
        ],
        [
            5,
            3,
            1
        ],
        [
            5,
            3,
            3
        ],
        [
            6,
            0,
            0
        ],
        [
            6,
            0,
            1
        ],
        [
            6,
            0,
            3
        ],
        [
            6,
            1,
            0
        ],
        [
            6,
            1,
            1
        ],
        [
            6,
            1,
            3
        ],
        [
            6,
            3,
            0
        ],
        [
            6,
            3,
            1
        ],
        [
            6,
            3,
            3
        ]
    ],
    "version": "0.1"
}