{
    "numlags": 400,
    "results": [
        {
            "mean": 0.3363664215049591,
            "order": [
                3,
                1,
                0
            ],
            "rmse": 0.7580566031843385,
            "tstamp": 1639795588.1022375
        },
        {
            "mean": 0.3363664215049591,
            "order": [
                2,
                1,
                1
            ],
            "rmse": 0.7614567630682091,
            "tstamp": 1639795588.1022375
        },
        {
            "mean": 0.3363664215049591,
            "order": [
                3,
                1,
                1
            ],
            "rmse": 0.7757194537593773,
            "tstamp": 1639795588.1022375
        },
        {
            "mean": 0.10339682082655385,
            "order": [
                6,
                0,
                0
            ],
            "rmse": 0.7863848032713471,
            "tstamp": 1639894341.6958437
        }
    ],
    "stream": "z1~portfolio_c2_75_std~3555.json",
    "todo": [
        [
            0,
            0,
            0
        ],
        [
            0,
            0,
            1
        ],
        [
            0,
            0,
            2
        ],
        [
            0,
            1,
            0
        ],
        [
            0,
            1,
            1
        ],
        [
            0,
            1,
            2
        ],
        [
            0,
            2,
            0
        ],
        [
            0,
            2,
            1
        ],
        [
            0,
            2,
            2
        ],
        [
            1,
            0,
            0
        ],
        [
            1,
            0,
            1
        ],
        [
            1,
            0,
            2
        ],
        [
            1,
            1,
            0
        ],
        [
            1,
            1,
            1
        ],
        [
            1,
            1,
            2
        ],
        [
            1,
            2,
            0
        ],
        [
            1,
            2,
            1
        ],
        [
            1,
            2,
            2
        ],
        [
            2,
            0,
            0
        ],
        [
            2,
            0,
            1
        ],
        [
            2,
            0,
            2
        ],
        [
            2,
            1,
            0
        ],
        [
            2,
            1,
            2
        ],
        [
            2,
            2,
            0
        ],
        [
            2,
            2,
            1
        ],
        [
            2,
            2,
            2
        ],
        [
            3,
            0,
            0
        ],
        [
            3,
            0,
            1
        ],
        [
            3,
            0,
            2
        ],
        [
            3,
            1,
            2
        ],
        [
            3,
            2,
            0
        ],
        [
            3,
            2,
            1
        ],
        [
            3,
            2,
            2
        ],
        [
            6,
            0,
            1
        ],
        [
            6,
            0,
            2
        ],
        [
            6,
            1,
            0
        ],
        [
            6,
            1,
            1
        ],
        [
            6,
            1,
            2
        ],
        [
            6,
            2,
            0
        ],
        [
            6,
            2,
            1
        ],
        [
            6,
            2,
            2
        ]
    ],
    "version": "0.1"
}