{
    "numlags": 400,
    "results": [
        {
            "mean": 0.09011018990828082,
            "order": [
                2,
                1,
                1
            ],
            "rmse": 0.9665593609190439,
            "tstamp": 1639856061.0621972
        },
        {
            "mean": 0.07096945308829111,
            "order": [
                1,
                0,
                0
            ],
            "rmse": 0.9648917865822081,
            "tstamp": 1639946391.7759936
        },
        {
            "mean": 0.07096945308829111,
            "order": [
                1,
                2,
                1
            ],
            "rmse": 0.9650579670701247,
            "tstamp": 1639946391.7759936
        },
        {
            "mean": 0.07096945308829111,
            "order": [
                6,
                2,
                2
            ],
            "rmse": 0.9662290786491456,
            "tstamp": 1639946391.7759936
        }
    ],
    "stream": "z1~portfolio_c2_20_expected~70.json",
    "todo": [
        [
            0,
            0,
            0
        ],
        [
            0,
            0,
            1
        ],
        [
            0,
            0,
            2
        ],
        [
            0,
            1,
            0
        ],
        [
            0,
            1,
            1
        ],
        [
            0,
            1,
            2
        ],
        [
            0,
            2,
            0
        ],
        [
            0,
            2,
            1
        ],
        [
            0,
            2,
            2
        ],
        [
            1,
            0,
            1
        ],
        [
            1,
            0,
            2
        ],
        [
            1,
            1,
            0
        ],
        [
            1,
            1,
            1
        ],
        [
            1,
            1,
            2
        ],
        [
            1,
            2,
            0
        ],
        [
            1,
            2,
            2
        ],
        [
            2,
            0,
            0
        ],
        [
            2,
            0,
            1
        ],
        [
            2,
            0,
            2
        ],
        [
            2,
            1,
            0
        ],
        [
            2,
            1,
            2
        ],
        [
            2,
            2,
            0
        ],
        [
            2,
            2,
            1
        ],
        [
            2,
            2,
            2
        ],
        [
            3,
            0,
            0
        ],
        [
            3,
            0,
            1
        ],
        [
            3,
            0,
            2
        ],
        [
            3,
            1,
            0
        ],
        [
            3,
            1,
            1
        ],
        [
            3,
            1,
            2
        ],
        [
            3,
            2,
            0
        ],
        [
            3,
            2,
            1
        ],
        [
            3,
            2,
            2
        ],
        [
            6,
            0,
            0
        ],
        [
            6,
            0,
            1
        ],
        [
            6,
            0,
            2
        ],
        [
            6,
            1,
            0
        ],
        [
            6,
            1,
            1
        ],
        [
            6,
            1,
            2
        ],
        [
            6,
            2,
            0
        ],
        [
            6,
            2,
            1
        ]
    ],
    "version": "0.1"
}