{
    "numlags": 400,
    "results": [
        {
            "mean": 0.016477698730115384,
            "order": [
                6,
                1,
                0
            ],
            "rmse": 0.7750096064144659,
            "tstamp": 1640142292.7197921
        },
        {
            "mean": 0.016477698730115384,
            "order": [
                4,
                3,
                1
            ],
            "rmse": 1.0858541291383084,
            "tstamp": 1640142292.7197921
        },
        {
            "mean": 0.016477698730115384,
            "order": [
                0,
                1,
                0
            ],
            "rmse": 1.6766169995443414,
            "tstamp": 1640142292.7197921
        }
    ],
    "stream": "z1~portfolio_c2_60_rel~70.json",
    "todo": [
        [
            0,
            0,
            0
        ],
        [
            0,
            0,
            1
        ],
        [
            0,
            0,
            3
        ],
        [
            0,
            1,
            1
        ],
        [
            0,
            1,
            3
        ],
        [
            0,
            3,
            0
        ],
        [
            0,
            3,
            1
        ],
        [
            0,
            3,
            3
        ],
        [
            1,
            0,
            0
        ],
        [
            1,
            0,
            1
        ],
        [
            1,
            0,
            3
        ],
        [
            1,
            1,
            0
        ],
        [
            1,
            1,
            1
        ],
        [
            1,
            1,
            3
        ],
        [
            1,
            3,
            0
        ],
        [
            1,
            3,
            1
        ],
        [
            1,
            3,
            3
        ],
        [
            2,
            0,
            0
        ],
        [
            2,
            0,
            1
        ],
        [
            2,
            0,
            3
        ],
        [
            2,
            1,
            0
        ],
        [
            2,
            1,
            1
        ],
        [
            2,
            1,
            3
        ],
        [
            2,
            3,
            0
        ],
        [
            2,
            3,
            1
        ],
        [
            2,
            3,
            3
        ],
        [
            3,
            0,
            0
        ],
        [
            3,
            0,
            1
        ],
        [
            3,
            0,
            3
        ],
        [
            3,
            1,
            0
        ],
        [
            3,
            1,
            1
        ],
        [
            3,
            1,
            3
        ],
        [
            3,
            3,
            0
        ],
        [
            3,
            3,
            1
        ],
        [
            3,
            3,
            3
        ],
        [
            4,
            0,
            0
        ],
        [
            4,
            0,
            1
        ],
        [
            4,
            0,
            3
        ],
        [
            4,
            1,
            0
        ],
        [
            4,
            1,
            1
        ],
        [
            4,
            1,
            3
        ],
        [
            4,
            3,
            0
        ],
        [
            4,
            3,
            3
        ],
        [
            5,
            0,
            0
        ],
        [
            5,
            0,
            1
        ],
        [
            5,
            0,
            3
        ],
        [
            5,
            1,
            0
        ],
        [
            5,
            1,
            1
        ],
        [
            5,
            1,
            3
        ],
        [
            5,
            3,
            0
        ],
        [
            5,
            3,
            1
        ],
        [
            5,
            3,
            3
        ],
        [
            6,
            0,
            0
        ],
        [
            6,
            0,
            1
        ],
        [
            6,
            0,
            3
        ],
        [
            6,
            1,
            1
        ],
        [
            6,
            1,
            3
        ],
        [
            6,
            3,
            0
        ],
        [
            6,
            3,
            1
        ],
        [
            6,
            3,
            3
        ]
    ],
    "version": "0.1"
}