{
    "numlags": 400,
    "results": [
        {
            "mean": 0.05834305626422395,
            "order": [
                1,
                2,
                2
            ],
            "rmse": 1.199415494497777,
            "tstamp": 1639980783.0910547
        }
    ],
    "stream": "z1~quadratic_c2_ethereum_ethereum_expected~3555.json",
    "todo": [
        [
            0,
            0,
            0
        ],
        [
            0,
            0,
            1
        ],
        [
            0,
            0,
            2
        ],
        [
            0,
            1,
            0
        ],
        [
            0,
            1,
            1
        ],
        [
            0,
            1,
            2
        ],
        [
            0,
            2,
            0
        ],
        [
            0,
            2,
            1
        ],
        [
            0,
            2,
            2
        ],
        [
            1,
            0,
            0
        ],
        [
            1,
            0,
            1
        ],
        [
            1,
            0,
            2
        ],
        [
            1,
            1,
            0
        ],
        [
            1,
            1,
            1
        ],
        [
            1,
            1,
            2
        ],
        [
            1,
            2,
            0
        ],
        [
            1,
            2,
            1
        ],
        [
            2,
            0,
            0
        ],
        [
            2,
            0,
            1
        ],
        [
            2,
            0,
            2
        ],
        [
            2,
            1,
            0
        ],
        [
            2,
            1,
            1
        ],
        [
            2,
            1,
            2
        ],
        [
            2,
            2,
            0
        ],
        [
            2,
            2,
            1
        ],
        [
            2,
            2,
            2
        ],
        [
            3,
            0,
            0
        ],
        [
            3,
            0,
            1
        ],
        [
            3,
            0,
            2
        ],
        [
            3,
            1,
            0
        ],
        [
            3,
            1,
            1
        ],
        [
            3,
            1,
            2
        ],
        [
            3,
            2,
            0
        ],
        [
            3,
            2,
            1
        ],
        [
            3,
            2,
            2
        ],
        [
            6,
            0,
            0
        ],
        [
            6,
            0,
            1
        ],
        [
            6,
            0,
            2
        ],
        [
            6,
            1,
            0
        ],
        [
            6,
            1,
            1
        ],
        [
            6,
            1,
            2
        ],
        [
            6,
            2,
            0
        ],
        [
            6,
            2,
            1
        ],
        [
            6,
            2,
            2
        ]
    ],
    "version": "0.1"
}