{"stream": "z2~btc_aud~btc_usd~3555.json", "numlags": 400, "todo": [[0, 0, 0], [0, 0, 1], [0, 0, 2], [0, 1, 0], [0, 1, 2], [0, 2, 0], [0, 2, 1], [0, 2, 2], [1, 0, 0], [1, 0, 1], [1, 0, 2], [1, 1, 0], [1, 1, 1], [1, 1, 2], [1, 2, 0], [1, 2, 1], [1, 2, 2], [2, 0, 0], [2, 0, 1], [2, 0, 2], [2, 1, 0], [2, 1, 1], [2, 1, 2], [2, 2, 0], [2, 2, 1], [3, 0, 0], [3, 0, 1], [3, 1, 0], [3, 1, 1], [3, 1, 2], [3, 2, 0], [3, 2, 1], [3, 2, 2], [6, 0, 0], [6, 0, 1], [6, 0, 2], [6, 1, 0], [6, 1, 1], [6, 1, 2], [6, 2, 0], [6, 2, 1], [6, 2, 2]], "results": [{"order": [0, 1, 1], "rmse": 1.725323579717308, "mean": 0.06242726094599422, "tstamp": 1639329940.5125556}, {"order": [3, 0, 2], "rmse": 1.8697397705752308, "mean": 0.06242726094599422, "tstamp": 1639329940.5125556}, {"order": [2, 2, 2], "rmse": 3.1325320030868453, "mean": 0.06242726094599422, "tstamp": 1639329940.5125556}]}