{"stream": "z2~c5_cardano~c5_ethereum~70.json", "numlags": 400, "todo": [[0, 0, 0], [0, 0, 1], [0, 0, 2], [0, 1, 0], [0, 1, 1], [0, 1, 2], [0, 2, 0], [0, 2, 1], [0, 2, 2], [1, 0, 0], [1, 0, 1], [1, 0, 2], [1, 1, 0], [1, 1, 1], [1, 1, 2], [1, 2, 0], [1, 2, 2], [2, 0, 0], [2, 0, 1], [2, 0, 2], [2, 1, 0], [2, 1, 1], [2, 1, 2], [2, 2, 0], [2, 2, 1], [2, 2, 2], [3, 0, 0], [3, 0, 1], [3, 0, 2], [3, 1, 0], [3, 1, 2], [3, 2, 0], [3, 2, 1], [3, 2, 2], [6, 0, 0], [6, 0, 1], [6, 0, 2], [6, 1, 1], [6, 1, 2], [6, 2, 0], [6, 2, 1], [6, 2, 2]], "results": [{"order": [6, 1, 0], "rmse": 1.9050367851259193, "mean": 0.22542366771034245, "tstamp": 1639328846.1915243}, {"order": [3, 1, 1], "rmse": 1.9254692430480593, "mean": 0.22542366771034245, "tstamp": 1639328846.1915243}, {"order": [1, 2, 1], "rmse": 2.278722486628892, "mean": 0.22542366771034245, "tstamp": 1639328846.1915243}]}