{"stream": "z2~c5_ethereum~c5_solana~3555.json", "numlags": 400, "todo": [[0, 0, 0], [0, 0, 1], [0, 0, 2], [0, 1, 0], [0, 1, 1], [0, 1, 2], [0, 2, 0], [0, 2, 2], [1, 0, 0], [1, 0, 1], [1, 0, 2], [1, 1, 0], [1, 1, 1], [1, 1, 2], [1, 2, 0], [1, 2, 1], [1, 2, 2], [2, 0, 0], [2, 0, 1], [2, 0, 2], [2, 1, 0], [2, 1, 1], [2, 1, 2], [2, 2, 0], [2, 2, 1], [2, 2, 2], [3, 0, 0], [3, 0, 1], [3, 0, 2], [3, 1, 0], [3, 1, 2], [3, 2, 0], [3, 2, 1], [3, 2, 2], [6, 0, 0], [6, 0, 1], [6, 0, 2], [6, 1, 0], [6, 1, 1], [6, 2, 0], [6, 2, 1], [6, 2, 2]], "results": [{"order": [6, 1, 2], "rmse": 1.5857278770287104, "mean": 0.06496258267482138, "tstamp": 1639329636.27799}, {"order": [3, 1, 1], "rmse": 1.5860958223722594, "mean": 0.06496258267482138, "tstamp": 1639329636.27799}, {"order": [0, 2, 1], "rmse": 1.8148896151575515, "mean": 0.06496258267482138, "tstamp": 1639329636.27799}]}