{"stream": "z3~noaa_wind_speed_46076~noaa_wind_speed_46077~noaa_wind_speed_46078~3555.json", "numlags": 400, "todo": [[0, 0, 0], [0, 0, 1], [0, 0, 2], [0, 1, 0], [0, 1, 1], [0, 1, 2], [0, 2, 0], [0, 2, 1], [0, 2, 2], [1, 0, 0], [1, 0, 1], [1, 0, 2], [1, 1, 0], [1, 1, 1], [1, 1, 2], [1, 2, 0], [1, 2, 1], [2, 0, 0], [2, 0, 1], [2, 1, 0], [2, 1, 1], [2, 1, 2], [2, 2, 0], [2, 2, 1], [2, 2, 2], [3, 0, 0], [3, 0, 1], [3, 0, 2], [3, 1, 0], [3, 1, 1], [3, 1, 2], [3, 2, 0], [3, 2, 1], [3, 2, 2], [6, 0, 0], [6, 0, 1], [6, 0, 2], [6, 1, 0], [6, 1, 1], [6, 1, 2], [6, 2, 1], [6, 2, 2]], "results": [[[2, 0, 2], 1.7100326754742183], [[1, 2, 2], 1.902699169031498], [[6, 2, 0], 2.19262389681198]]}